数学系,毕惟红
航空航天学院,李铁风
数学系,汪国军
人文学院,沈玉
生物医学工程与仪器科学学院,夏灵
电气工程学院,应群民
医学院,李怡宁
公共体育与艺术部,陈烽
管理学院,郑刚
物理学系,罗孟波
生命科学学院,陈烨
生物系统工程与食品科学学院,沈生荣
医学院,张咸宁
计算机科学与技术学院,彭列平
外国语言文化与国际交流学院,郑惠卿
计算机科学与技术学院,孙凌云
外国语言文化与国际交流学院,国懿
外国语言文化与国际交流学院,宋云舟
农业与生物技术学院,吴媛媛
控制科学与工程学系,杨秦敏
人文学院,池长庆
地球科学系,王帮兵
外国语言文化与国际交流学院,洪钢
机械工程学系,何再兴
信息与电子工程学系,刘英
航空航天学院,朱林利
学生工作部,包爱民
信息与电子工程学系,赵颂平
管理学院,肖炜麟
离退休工作处,王庆文
公共体育与艺术部,张锐
心理与行为科学系,叶艳
能源工程学系,陈炯
环境与资源学院,翁小乐
材料科学与工程学系,郭兴忠
电气工程学院,黄民翔
控制科学与工程学系,王慧
生命科学学院,莫肖蓉
化学系,崔艳丽
物理学系,陶向明
机械工程学系,洪玉芳
经济学院,洪鑫
人文学院,尤淑君
化学工程与生物工程学系,胡晓萍
计算机科学与技术学院,刘玉生
数学系,姜海益
生命科学学院,程磊
经济学院,景乃权
心理与行为科学系,王慈
能源工程学系,池涌
管理学院,王求真
计算机科学与技术学院,白洪欢
数学系,汤树元
生命科学学院,徐程
外国语言文化与国际交流学院,汪运起
人文学院,陈健
光电信息工程学系,倪旭翔
农业与生物技术学院,沈朝栋
机械工程学系,顾临怡
外国语言文化与国际交流学院,隋红升
化学工程与生物工程学系,于洪巍
医学院,凌树才
建筑工程学院,金南国
思想政治理论教学科研部,万慧进
管理学院,王宏星
电气工程学院,李兴根
人文学院,汪超红
思想政治理论教学科研部,舒泽虎
能源工程学系,陆胜勇
化学系,吕德水
公共管理学院,张海峰
人文学院,高艳
外国语言文化与国际交流学院,梁君英
外国语言文化与国际交流学院,杜幸之
电气工程学院,沈建新
数学系,李松
传媒与国际文化学院,李杰
外国语言文化与国际交流学院,蒋景阳
医学院,卢韵碧
海洋学院,刘海江
公共管理学院,李静松
信息与电子工程学系,杜阳
医学院,胡薇薇
生命科学学院,汤海旸
人文学院,吴艳红
人文学院,肖如平
经济学院,周戈
农业与生物技术学院,吴殿星
公共管理学院,郭俊伟
农业与生物技术学院,姚洪渭
信息与电子工程学系,魏兴昌
思想政治理论教学科研部,张永华
数学系,张泽银
心理与行为科学系,张琳
计算机科学与技术学院,黄文山
建筑工程学院,郑卫
生物系统工程与食品科学学院,刘东红
心理与行为科学系,张琼
经济学院,朱秀君
管理学院,陈熹
化学工程与生物工程学系,徐国华
公共体育与艺术部,傅旭波
农业与生物技术学院,杨景华
机械工程学系,汪久根
生命科学学院,张铭
教育学院,陈昆福
就业指导与服务中心,林芝
医学院,王建安
控制科学与工程学系,张武明
物理学系,方明虎
公共体育与艺术部,柳志鹏
外国语言文化与国际交流学院,李俊敏
法学院,吴勇敏
经济学院,何嗣江
农业与生物技术学院,祝水金
经济学院,黄英
管理学院,张钢
公共体育与艺术部,赵丹丹
法学院,沈志坤
农业与生物技术学院,李桂新
传媒与国际文化学院,刘于思
外国语言文化与国际交流学院,Balanovskii Roman
传媒与国际文化学院,胡志毅
生物系统工程与食品科学学院,陆柏益
信息与电子工程学系,史笑兴
党委办公室、校长办公室,金滔
传媒与国际文化学院,丁苗苗
人文学院,王礼平
思想政治理论教学科研部,王心月
外国语言文化与国际交流学院,张璐
外国语言文化与国际交流学院,张向荣
经济学院,陈叶烽
机械工程学系,李玉良
电气工程学院,吴建德
教育学院,盛群力
传媒与国际文化学院,王玲玲
教育学院,叶映华
化学系,傅春玲
经济学院,钱彦敏
建筑工程学院,陈勇
化学系,刘占祥
物理学系,陈红雨
外国语言文化与国际交流学院,张惠芳
计算机科学与技术学院,姚青
化学工程与生物工程学系,宋锡瑾
管理学院,唐素萍
医学院,陈力
信息与电子工程学系,蔡云龙
人文学院,张德明
物理学系,何国光
医学院,包家立
外国语言文化与国际交流学院,沈燎
生命科学学院,丁平
药学院,袁弘
光电信息工程学系,张秀达
信息与电子工程学系,王维东
教育学院,李萌
计算机科学与技术学院,李明
教育学院,商丽浩
外国语言文化与国际交流学院,刘悦 
建筑工程学院,胡亚元
建筑工程学院,周永潮
外国语言文化与国际交流学院,汪洁
化学工程与生物工程学系,顾超华
教育学院,王莉华
高分子科学与工程学系,凌君
建筑工程学院,蔚芳
机械工程学系,姚斌
公共体育与艺术部,季守祥
数学系,单监华
控制科学与工程学系,陈剑
计算机科学与技术学院,王章野
数学系,盛为民
材料科学与工程学系,吴进明
建筑工程学院,国振
经济学院,杨高举
电气工程学院,孙晖
人文学院,楼含松
公共管理学院,顾丽玲
外国语言文化与国际交流学院,张兴奎
机械工程学系,孔晓武
经济学院,余林徽
海洋学院,齐家国
外国语言文化与国际交流学院,Aaron Kalman
材料科学与工程学系,杨德仁
建筑工程学院,傅慧俊
外国语言文化与国际交流学院,杨建平
外国语言文化与国际交流学院,李张林
国际教育学院,王明华
计算机科学与技术学院,董玮
外国语言文化与国际交流学院,孟筱敏
机械工程学系,陈芨熙
生物医学工程与仪器科学学院,王友钊
公共体育与艺术部,陈列
物理学系,谭明秋
数学系,冯涛
医学院,杨廷忠
外国语言文化与国际交流学院,阿尔素
学生工作部,李文腾
传媒与国际文化学院,郑西帆
法学院,陈旭琴
人文学院,胡可先
数学系,陈锦辉
物理学系,厉位阳
电气工程学院,朱晓雷
机械工程学系,周勇光
控制科学与工程学系,叶炜
生物医学工程与仪器科学学院,曾超
电气工程学院,杨强
外国语言文化与国际交流学院,张宏斌
航空航天学院,金仲和
经济学院,叶兵
外国语言文化与国际交流学院,助教2
农业与生物技术学院,叶恭银
化学系,蒋银土
传媒与国际文化学院,章宏
化学系,肖丽萍
计算机科学与技术学院,徐从富
国际教育学院,吴悦
经济学院,朱柏铭
材料科学与工程学系,涂江平
医学院,吴希美
材料科学与工程学系,杜丕一
社会科学研究院,白承镐
药学院,董晓武
航空航天学院,王惠明
公共体育与艺术部,周聪
建筑工程学院,赵华
教务处,刘向东
法学院,王凌皞
信息与电子工程学系,楼东武
管理学院,马弘
信息与电子工程学系,吴锡东
机械工程学系,陶国良
外国语言文化与国际交流学院,陈玮
机械工程学系,裘乐淼
物理学系,叶高翔
生物系统工程与食品科学学院,何勇
教育学院,吴建绍
计算机科学与技术学院,孟炳泉
物理学系,马志为
生物医学工程与仪器科学学院,汤守健
电气工程学院,陈忠根
数学系,李俊杰
光电信息工程学系,王晓萍
人文学院,姚晓雷
建筑工程学院,陈秋晓
化学工程与生物工程学系,苏宝根
物理学系,冯波
经济学院,张雪芳
生命科学学院,毛传澡
公共管理学院,王诗宗
生命科学学院,应盛华
外国语言文化与国际交流学院,徐慧芳
公共管理学院,卓亨逵
化学工程与生物工程学系,郑津洋
数学系,李方
法学院,方立新
药学院,李新
农业与生物技术学院,李斌
信息与电子工程学系,李宇波
信息与电子工程学系,李春光
电气工程学院,童梅
电气工程学院,张冶沁
建筑工程学院,贺勇
动物科学学院,李卫芬
机械工程学系,傅新
法学院,季涛
人文学院,陈健梅
化学工程与生物工程学系,施耀
外国语言文化与国际交流学院,何莲珍
公共管理学院,李超平
生命科学学院,戈万忠
建筑工程学院,华晨
人文学院,朱晓罕
外国语言文化与国际交流学院,李德高
化学工程与生物工程学系,任其龙
高分子科学与工程学系,徐红
航空航天学院,孟华
经济学院,黄燕君
公共管理学院,李艳
思想政治理论教学科研部,梁清华
电气工程学院,王旃
生物系统工程与食品科学学院,陈素珊
人文学院,李旭平
生命科学学院,翁晓燕
机械工程学系,王晓莹
经济学院,夏瑛
思想政治理论教学科研部,陈志新
控制科学与工程学系,黄平捷
思想政治理论教学科研部,浦永春
控制科学与工程学系,刘山
管理学院,张惜丽
生物医学工程与仪器科学学院,刘清君
管理学院,郭毅
传媒与国际文化学院,赵瑜
外国语言文化与国际交流学院,李航
教育学院,成守彬
农业与生物技术学院,周杰
国际教育学院,陈佳宏
高分子科学与工程学系,王幽香
农业技术推广中心,廖敏
环境与资源学院,刘杏梅
信息与电子工程学系,金文光
能源工程学系,肖刚
地球科学系,汪波
思想政治理论教学科研部,廖亦宏
建筑工程学院,韩昊英
药学院,蒋惠娣
化学工程与生物工程学系,张才亮
航空航天学院,石兴
化学工程与生物工程学系,王成习
计算机科学与技术学院,方宁
医学院,那仁满都拉
农业试验站,金崇伟
人文学院,严建强
管理学院,车幼梅
公共管理学院,林融
人文学院,张凯
医学院,俞颖
电气工程学院,樊伟敏
机械工程学系,王正肖
外国语言文化与国际交流学院,王晓范
外国语言文化与国际交流学院,卢燕飞
农业与生物技术学院,柴明良
信息与电子工程学系,王子立
电气工程学院,汤巍松
控制科学与工程学系,周春琳
计算机科学与技术学院,杨颖
人文学院,刘国柱
生命科学学院,吕镇梅
人文学院,林晓光
传媒与国际文化学院,李东晓
医学院,李志勇
建筑工程学院,张燕
计算机科学与技术学院,邵健
生命科学学院,朱旭芬
化学系,陈卫祥
人文学院,沈坚
信息与电子工程学系,郝寅雷
高分子科学与工程学系,楼仁功
数学系,吴志祥
外国语言文化与国际交流学院,史烨婷
农业与生物技术学院,吴建祥
物理学系,王浩华
化学系,彭笑刚
物理学系,应和平
计算机科学与技术学院,徐镜春
公共管理学院,岳文泽
计算机科学与技术学院,沈睿
经济学院,康笛
思想政治理论教学科研部,马建青
生物医学工程与仪器科学学院,宁钢民
教育学院,祝怀新
建筑工程学院,亓萌
思想政治理论教学科研部,潘于旭
控制科学与工程学系,赵豫红
生物医学工程与仪器科学学院,蒋凯
公共管理学院,揭爱花
物理学系,杨波
计算机科学与技术学院,张彤或
思想政治理论教学科研部,傅夏仙
生命科学学院,王金福
生命科学学院,黄晓
人文学院,吴晓明
药学院,孙莲莉
外国语言文化与国际交流学院,周星
人文学院,郑霞
能源工程学系,周昊
医学院,朱心强
管理学院,金少胜
化学系,吴庆银
计算机科学与技术学院,周昆
外国语言文化与国际交流学院,潘洵
光电信息工程学系,童利民
建筑工程学院,浦欣成
化学系,张培敏
外国语言文化与国际交流学院,何文忠
光电信息工程学系,刘崇
化学系,黄飞鹤
外国语言文化与国际交流学院,林晓
经济学院,胡培战
公共体育与艺术部,韦俊芳
建筑工程学院,吴国强
农业与生物技术学院,高中山
经济学院,徐志
生命科学学院,赵云鹏
物理学系,李健民
化学系,谭桂娥
数学系,贾厚玉
经济学院,周黎明
生命科学学院,周耐明
数学系,叶兴德
建筑工程学院,邵煜
教育学院,苏建元
电气工程学院,郭瑞鹏
控制科学与工程学系,姜伟
国际教育学院,施虹
化学系,黄志真
机械工程学系,李立新
农业与生物技术学院,莫建初
公共体育与艺术部,朱晓龙
电气工程学院,陶雪梅
化学工程与生物工程学系,吴坚平
能源工程学系,陈坚红
电气工程学院,年珩
电气工程学院,张军明
农业技术推广中心,彭红云
环境与资源学院,朱利中
建筑工程学院,李王鸣
环境与资源学院,史惠祥
管理学院,邓明荣
人文学院,吴晓
经济学院,王志凯
医学院,丁世平
计算机科学与技术学院,李莹
医学院,李兰娟
生物系统工程与食品科学学院,丁甜
选培办,许磊
海洋学院,李莉
环境与资源学院,翁棣
外国语言文化与国际交流学院,周何法
研究生工作部,何俊杰
建筑工程学院,吴景
医学院,杜勤
国际教育学院,胡晓慧
物理学系,盛正卯
电气工程学院,楼珍丽
建筑工程学院,李聪
物理学系,潘佰良
信息与电子工程学系,刘鹏
环境与资源学院,赵和平
能源工程学系,张学军
外国语言文化与国际交流学院,徐春英
生命科学学院,杨建立
生物系统工程与食品科学学院,于勇
计算机科学与技术学院,童若锋
外国语言文化与国际交流学院,施旭
外国语言文化与国际交流学院,邵勇
人文学院,黄笑山
公共体育与艺术部,程路明
建筑工程学院,程鹏
建筑工程学院,赵阳
光电信息工程学系,刘玉玲
外国语言文化与国际交流学院,Philip
海洋学院,叶瑛
生物医学工程与仪器科学学院,杜一平
人文学院,林家骊
建筑工程学院,蔡金标
环境与资源学院,汪海珍
教育学院,周丽君
经济学院,蔡庆兵
党委办公室、校长办公室,罗建红
教育学院,温煦
建筑工程学院,祁巍锋
医学院,杜继曾
计算机科学与技术学院,叶德仕
机械工程学系,徐志农
外国语言文化与国际交流学院,叶小曼
信息与电子工程学系,张朝阳
光电信息工程学系,林斌
建筑工程学院,关富玲
计算机科学与技术学院,蔡亮
农业与生物技术学院,徐海明
化学系,方卫民
建筑工程学院,王杰
外国语言文化与国际交流学院,王海燕
化学系,孟祥举
农业与生物技术学院,喻景权
外国语言文化与国际交流学院,景敏言
能源工程学系,黄群星
机械工程学系,段桂芳
高分子科学与工程学系,宋义虎
外国语言文化与国际交流学院,鲍泓
物理学系,阮永红
生命科学学院,Chris
生命科学学院,毛旭明
建筑工程学院,王东辉
环境与资源学院,田光明
控制科学与工程学系,徐正国
药学院,何俏军
机械工程学系,汪延成
数学系,邹卫华
生命科学学院,吴敏
人文学院,汪维辉
经济学院,王义中
管理学院,邬爱其
数学系,王成波
管理学院,徐维东
化学系,朱岩
外国语言文化与国际交流学院,郑猛
经济学院,郑备军
人文学院,朱春秧
医学院,詹金彪
公共管理学院,许法根
公共管理学院,曹宇
建筑工程学院,汪劲丰
数学系,钱英
建筑工程学院,沈雁彬
教育学院,肖龙海
人文学院,胡小军
人文学院,陶磊
物理学系,王从健
教育学院,汪辉
高分子科学与工程学系,孙景志
数学系,薛儒英
学科建设处（与学位委员会办公室合署）,周天华
物理学系,陆璇辉
外国语言文化与国际交流学院,薛冉冉
管理学院,赵静
信息与电子工程学系,郑史烈
外国语言文化与国际交流学院,闵尚超
国际教育学院,黄灵红
经济学院,骆兴国
外国语言文化与国际交流学院,沈国琴
环境与资源学院,张丽萍
控制科学与工程学系,赵均
管理学院,陈随军
物理学系,袁辉球
医学院,方向明
生命科学学院,卢建平
化学工程与生物工程学系,卜志扬
生物系统工程与食品科学学院,应铁进
环境与资源学院,黄敬峰
航空航天学院,应祖光
环境与资源学院,刘维屏
法学院,何怀文
计算机科学与技术学院,外聘1
公共管理学院,陈建军
建筑工程学院,曹震宇
农业与生物技术学院,张云
生物系统工程与食品科学学院,蒋焕煜
高分子科学与工程学系,安全福
生命科学学院,金勇丰
外国语言文化与国际交流学院,吴宗杰
法学院,肖燕
地球科学系,汤燕冰
电气工程学院,卢琴芬
人事处,刘翔
信息与电子工程学系,孙斌
管理学院,韩洪云
建筑工程学院,刘翠
环境与资源学院,杨肖娥
光电信息工程学系,章岳光
建筑工程学院,王晖
人文学院,王云路
医学院,陈坤
人文学院,王春
农业与生物技术学院,孙崇德
人文学院,陈虹
心理与行为科学系,张智君
信息与电子工程学系,史治国
农业与生物技术学院,张敬泽
教育学院,姜海
经济学院,金祥荣
信息与电子工程学系,施红军
医学院,纪俊峰
数学系,唐炳康
建筑工程学院,祝丽丽
紫金港校区党工委（紫金港校区管理委员会）,陈飞
传媒与国际文化学院,王建刚
高分子科学与工程学系,倪旭峰
生物医学工程与仪器科学学院,黄轶伦
国际教育学院,陈磊
经济学院,徐加
理学院,沈宏
能源工程学系,余春江
农业与生物技术学院,尹燕妮
外国语言文化与国际交流学院,洪峥
建筑工程学院,方磊
经济学院,何樟勇
经济学院,许云华
公共管理学院,徐力
信息与电子工程学系,陈鹏飞
医学院,胡虎
人文学院,方一新
数学系,杨海涛
电气工程学院,方攸同
农业与生物技术学院,郭逸蓉
外国语言文化与国际交流学院,马瑾
环境与资源学院,王飞儿
心理与行为科学系,金卫华
国际教育学院,王飞焱
物理学系,阮晓声
人文学院,邹广胜
人文学院,陆敏珍
理学院,张帼奋
农业与生物技术学院,师恺
人文学院,陈振濂
外国语言文化与国际交流学院,安文英
信息与电子工程学系,胡浩基
外国语言文化与国际交流学院,王小潞
地球科学系,厉子龙
医学院,徐立红
计算机科学与技术学院,高云君
农业与生物技术学院,陆建良
数学系,李秉政
公共管理学院,杨遴杰
思想政治理论教学科研部,杨冀辰
人文学院,吴土法
农业与生物技术学院,马忠华
教育学院,王伯华
传媒与国际文化学院,叶琼丰
农业与生物技术学院,王岳飞
生命科学学院,管敏鑫
管理学院,陈明亮
管理学院,郭红东
数学系,董浙
思想政治理论教学科研部,陈小英
经济学院,韩菁
医学院,李仲杰
建筑工程学院,谢康和
化学系,陈志春
经济学院,柴效武
环境与资源学院,杨方星
信息与电子工程学系,钟财军
环境与资源学院,姚信
数学系,梁克维
电气工程学院,潘丽萍
建筑工程学院,沈佳轶
建筑工程学院,连铭
电气工程学院,范承志
医学院,朱善宽
经济学院,余燕春
心理与行为科学系,卫薇
农业与生物技术学院,卢钢
教育学院,高乃春
法学院,钟瑞庆
数学系,蔡天新
建筑工程学院,冉启华
机械工程学系,金逸峰
电气工程学院,杨家强
物理学系,吴惠桢
航空航天学院,宋广华
数学系,张南松
国际教育学院,李佳
能源工程学系,朱华
生物医学工程与仪器科学学院,郑筱祥
计算机科学与技术学院,郑林风
能源工程学系,钟崴
计算机科学与技术学院,黄敬华
外国语言文化与国际交流学院,丁光
外国语言文化与国际交流学院,丁展平
控制科学与工程学系,黄文君
外国语言文化与国际交流学院,金明
人文学院,朱大星
物理学系,罗民兴
数学系,王梦
地球科学系,柴登峰
数学系,张奕
农业技术推广中心,石伟勇
农业技术推广中心,罗琛
计算机科学与技术学院,章国锋
物理学系,赵道木
航空航天学院,鲍荣浩
光电信息工程学系,仇旻
学生工作部,邬小撑
农业技术推广中心,屠振力
机械工程学系,李伟
数学系,程晓良
机械工程学系,杨将新
能源工程学系,倪明江
人文学院,郭昊
生物系统工程与食品科学学院,盛奎川
外国语言文化与国际交流学院,Chamard
建筑工程学院,明焱
医学院,许毅
计算机科学与技术学院,陈奇
人文学院,丛杭青
建筑工程学院,汪均如
计算机科学与技术学院,庄越挺
医学院,胡申江
化学系,张子张
管理学院,杜红
环境与资源学院,张志剑
数学系,苏中根
化学工程与生物工程学系,叶向群
电气工程学院,潘再平
地球科学系,陆丽珍
农业技术推广中心,惠天朝
计算机科学与技术学院,冯晓霞
农业技术推广中心,朱炳全
化学工程与生物工程学系,林建平
思想政治理论教学科研部,任凭
计算机科学与技术学院,柴春雷
能源工程学系,何文华
海洋学院,冷建兴
机械工程学系,唐建中
思想政治理论教学科研部,林小芳
生命科学学院,管文军
公共体育与艺术部,郭虹
建筑工程学院,许进军
传媒与国际文化学院,胡晓云
人文学院,沈华清
农业试验站,黄冲平
外国语言文化与国际交流学院,阿莉塔
公共体育与艺术部,吕荷莉
外国语言文化与国际交流学院,袁靖
化学系,邵海波
公共体育与艺术部,刘剑
能源工程学系,罗坤
药学院,王毅
思想政治理论教学科研部,钟为民
电气工程学院,张德华
公共管理学院,王素芳
公共管理学院,李江
管理学院,张大亮
航空航天学院,陶伟明
人文学院,孙仲
医学院,欧阳宏伟
教育学院,刘淑华
能源工程学系,孙志坚
机械工程学系,邬义杰
管理学院,周歆红
公共管理学院,郁建兴
化学系,曹发和
药学院,陈柳蓉
建筑工程学院,张爱晖
建筑工程学院,秦中伏
生物系统工程与食品科学学院,刘湘江
数学系,张立新
计算机科学与技术学院,张引
农业与生物技术学院,金敏
建筑工程学院,金方
控制科学与工程学系,刘勇
人文学院,章雪富
建筑工程学院,饶传坤
心理与行为科学系,董一胜
国际教育学院,郑颖
思想政治理论教学科研部,段治文
人文学院,李恒威
海洋学院,何昊哲
机械工程学系,管成
公共管理学院,张翔
外国语言文化与国际交流学院,马安东
生命科学学院,蒋萍萍
化学系,盛亚东
环境与资源学院,林琦
建筑工程学院,毛欣炜
生命科学学院,寿惠霞
传媒与国际文化学院,吕国华
公共管理学院,Gregory Moore
光电信息工程学系,杨甬英
电气工程学院,王正仕
生物系统工程与食品科学学院,罗自生
电气工程学院,马皓
生命科学学院,周启发
农业与生物技术学院,周艳虹
生命科学学院,席咏梅
航空航天学院,张春利
医学院,林旭瑗
管理学院,宝贡敏
人文学院,陈越骅
公共管理学院,楼宇
计算机科学与技术学院,卜凯
法学院,郑磊
公共管理学院,蒋文华
管理学院,李浩
医学院,王青青
生命科学学院,江辉
管理学院,阮建青
控制科学与工程学系,卢建刚
医学院,蔡挺
农业与生物技术学院,曹家树
生命科学学院,邱英雄
公共管理学院,韩福国
外国语言文化与国际交流学院,张兴刚
化学工程与生物工程学系,郑水英
生命科学学院,朱成钢
计算机科学与技术学院,胡敏
光电信息工程学系,吕玮阁
机械工程学系,赵昕玥
公共管理学院,米红
医学院,华金中
生物医学工程与仪器科学学院,王永国
计算机科学与技术学院,陈实
物理学系,王兆英
控制科学与工程学系,周建光
人文学院,楼毅生
公共体育与艺术部,黄小玲
航空航天学院,王宏涛
教育学院,黎禾
外国语言文化与国际交流学院,谢志宇
环境与资源学院,杨坤
物理学系,陈一新
药学院,杜永忠
光电信息工程学系,杨青
电气工程学院,张红岩
建筑工程学院,傅东黎
理学院,郑大方
建筑工程学院,张大伟
外国语言文化与国际交流学院,吴小英
外国语言文化与国际交流学院,陈艳华
管理学院,戚译
教育学院,蓝劲松
外国语言文化与国际交流学院,John Martin
农业与生物技术学院,谢艳
建筑工程学院,赵宇
管理学院,姚明龙
公共管理学院,王小章
机械工程学系,王庆九
计算机科学与技术学院,林怀忠
化学系,林旭锋
传媒与国际文化学院,高力克
航空航天学院,潘海斌
人文学院,吴秀明
化学工程与生物工程学系,吴绵斌
地球科学系,田荣湘
能源工程学系,王勤辉
地球科学系,张兴平
农业与生物技术学院,朱军
化学工程与生物工程学系,尹金荣
国际教育学院,祁青
外国语言文化与国际交流学院,吴永琴
机械工程学系,雷勇
管理学院,周亚庆
光电信息工程学系,高士明
航空航天学院,曲绍兴
人文学院,祖慧
人文学院,陈红民
药学院,高建青
教育学院,张文军
化学系,姚波
教育学院,丛湖平
建筑工程学院,张麒
学生工作部,朱婉儿
生物系统工程与食品科学学院,余挺
公共管理学院,陈丽君
数学系,胡贤良
外国语言文化与国际交流学院,Damien Donnelly
医学院,刘伟
数学系,孙方裕
外国语言文化与国际交流学院,熊海虹
法学院,陆青
计算机科学与技术学院,潘肖煜
环境与资源学院,胡宝兰
农业与生物技术学院,汪志平
生物系统工程与食品科学学院,冯凤琴
人文学院,张家成
教育学院,林小美
信息与电子工程学系,陈惠芳
监察处(与纪律检查委员会办公室合署),郭文刚
数学系,夏巧玲
建筑工程学院,罗尧治
物理学系,王淼
地球科学系,贾晓静
建筑工程学院,葛丹东
建筑工程学院,蔡萌
医学院,严杰
计算机科学与技术学院,季江民
医学院,方马荣
化学系,徐旭荣
人文学院,杜正贞
中国西部发展研究院,董雪兵
建筑工程学院,徐雷
外国语言文化与国际交流学院,楠元景子
党委办公室、校长办公室,徐象国
物理学系,鲍德松
控制科学与工程学系,吴俊
数学系,徐林荣
电气工程学院,吴新科
农业与生物技术学院,刘树生
药学院,余露山
公共体育与艺术部,陈坚坚
计算机科学与技术学院,吴春明
心理与行为科学系,何洁
思想政治理论教学科研部,张新樟
思想政治理论教学科研部,许丽萍
计算机科学与技术学院,陈岭
能源工程学系,王涛
公共体育与艺术部,沈亚培
计算机科学与技术学院,张泉方
外国语言文化与国际交流学院,沈弘
电气工程学院,阮秉涛
农业与生物技术学院,蔡新忠
计算机科学与技术学院,陆系群
医学院,徐恩萍
建筑工程学院,陈丽华
化学工程与生物工程学系,潘鹏举
数学系,尹永成
中国西部发展研究院,汪建坤
动物科学学院,孙红祥
建筑工程学院,詹树林
物理学系,朱雯
农业与生物技术学院,王政逸
计算机科学与技术学院,郑扣根
教育学院,徐小洲
建筑工程学院,胡安峰
动物科学学院,王敏奇
法学院,翁里
人文学院,苏阿香
环境与资源学院,刘璟
数学系,李将云
建筑工程学院,王福民
控制科学与工程学系,梁军
公共体育与艺术部,虞力宏
理学院,助教
建筑工程学院,王洁
管理学院,邢以群
医学院,周俊
人文学院,黄擎
公共管理学院,刘志军
教育学院,王素文
控制科学与工程学系,张光新
法学院,朱庆育
物理学系,吴建澜
控制科学与工程学系,杨春节
经济学院,孔伟杰
教育学院,沈国平
教育学院,刘文明
心理与行为科学系,何贵兵
人文学院,盘剑
生物系统工程与食品科学学院,崔笛
光电信息工程学系,项震
化学系,林贤福
人文学院,陈玉洁
医学院,王红妹
药学院,韩峰
电气工程学院,沈红
化学系,刘迎春
医学院,谢志坚
公共体育与艺术部,傅建东
机械工程学系,程锦
材料科学与工程学系,陈立新
公共体育与艺术部,朱桦
生命科学学院,王根轩
农业与生物技术学院,涂巨民
能源工程学系,甘智华
信息与电子工程学系,龚小谨
法学院,韩家勇
公共管理学院,刘晓婷
机械工程学系,傅建中
管理学院,项坚
生物系统工程与食品科学学院,叶章颖
国际教育学院,陈勤
计算机科学与技术学院,翁恺
外国语言文化与国际交流学院,徐雪英
医学院,唐孝威
管理学院,吴东
生物系统工程与食品科学学院,朱加进
地球科学系,章凤奇
建筑工程学院,唐晓武
心理与行为科学系,曹立人
农业技术推广中心,徐礼根
控制科学与工程学系,杨再跃
医学院,韩曙
电气工程学院,王慧芳
建筑工程学院,张磊
地球科学系,杨树锋
药学院,曾苏
环境与资源学院,冯英
信息与电子工程学系,崔宁
管理学院,朱茶芬
医学院,王琳琳
数学系,刘康生
经济学院,豆江利
经济学院,俞剑平
电气工程学院,项基
电气工程学院,熊素铭
外国语言文化与国际交流学院,马晓俐
外国语言文化与国际交流学院,王永
机械工程学系,詹建潮
心理与行为科学系,徐青
法学院,吴卫华
光电信息工程学系,岑兆丰
人文学院,窦怀永
化学系,王永尧
数学系,黄正达
医学院,焦晶晶
环境与资源学院,吕军
地球科学系,林秀斌
公共体育与艺术部,林洁
控制科学与工程学系,戴连奎
建筑工程学院,吴越
国际教育学院,孔祥霞
经济学院,应悦
物理学系,李有泉
物理学系,王俊
海洋学院,孙贵青
生命科学学院,方祥年
化学系,杜志强
管理学院,吕佳颖
机械工程学系,王进
生物医学工程与仪器科学学院,黄海
外国语言文化与国际交流学院,闻人行
环境与资源学院,徐新华
学生工作部,祝一虹
电气工程学院,周浩
公共体育与艺术部,董晓虹
外国语言文化与国际交流学院,梁秀娟
电气工程学院,干于
海洋学院,陈庆
化学系,西蒙杜特怀勒
计算机科学与技术学院,黄正谦
人文学院,苏宏斌
信息与电子工程学系,唐奕
数学系,童雯雯
医学院,李菊花
计算机科学与技术学院,陈纯
环境与资源学院,陈红
生物医学工程与仪器科学学院,马永昌
计算机科学与技术学院,唐敏
经济学院,王雁茜
生命科学学院,王君晖
药学院,韩旻
信息与电子工程学系,于慧敏
人文学院,王轶
医学院,盛建中
建筑工程学院,林涛
生物医学工程与仪器科学学院,封洲燕
数学系,郑志浩
化学系,陈平
教育学院,赵康
光电信息工程学系,沈永行
农业与生物技术学院,余虹
农业与生物技术学院,须海荣
航空航天学院,干湧
化学系,雷鸣
医学院,郑莲顺
建筑工程学院,林伟岸
教育学院,吕强
数学系,孙业顺
农业技术推广中心,陈安国
化学系,李秀玲
人文学院,陶然
环境与资源学院,谢晓梅
建筑工程学院,尚岳全
地球科学系,杜震洪
心理与行为科学系,水仁德
经济学院,杨柳勇
化学系,吴起
经济学院,朱燕建
物理学系,张宏
外国语言文化与国际交流学院,施晓伟
外国语言文化与国际交流学院,史占泓
电气工程学院,吴浩
法学院,夏立安
控制科学与工程学系,徐祖华
农业技术推广中心,崔海瑞
电气工程学院,吴建华
生物医学工程与仪器科学学院,宋开臣
高分子科学与工程学系,傅智盛
教育学院,阎亚军
人文学院,盛晓明
化学工程与生物工程学系,王丽军
管理学院,阮俊华
建筑工程学院,陈翔
高分子科学与工程学系,高超
生命科学学院,刘非燕
物理学系,许祝安
能源工程学系,朱绍鹏
人文学院,彭利贞
化学工程与生物工程学系,申屠宝卿
光电信息工程学系,何赛灵
思想政治理论教学科研部,刘召峰
教育学院,周清志
药学院,王龙虎
计算机科学与技术学院,万华根
医学院,王福俤
物理学系,张剑波
心理与行为科学系,蔡永春
思想政治理论教学科研部,宇正香
计算机科学与技术学院,张三元
生物系统工程与食品科学学院,王永维
医学院,李立伟
外国语言文化与国际交流学院,Sean Cain
数学系,何延
农业与生物技术学院,周小庄
教学研究处,夏强
经济学院,罗德明
计算机科学与技术学院,耿卫东
化学系,汤谷平
信息与电子工程学系,赵航芳
农业与生物技术学院,钱利生
人文学院,孙竞昊
管理学院,周伟华
数学系,蔺宏伟
光电信息工程学系,吴波
外国语言文化与国际交流学院,朱晓宇
数学系,朱建新
建筑工程学院,卓新
生物系统工程与食品科学学院,应义斌
物理学系,李宏年
公共体育与艺术部,许亚萍
环境与资源学院,王莉红
医学院,徐键
物理学系,李海洋
生命科学学院,吴根福
教育学院,郭怡
国际教育学院,金国华
人文学院,张立
医学院,沈岳良
人文学院,傅翼
思想政治理论教学科研部,张应杭
公共管理学院,包松
农业技术推广中心,舒庆尧
能源工程学系,陈彤
药学院,陈枢青
管理学院,鲁柏祥
公共管理学院,叶艳妹
管理学院,张世琪
人文学院,姚永铭
管理学院,何平
建筑工程学院,邹道勤
农业与生物技术学院,李正和
化学工程与生物工程学系,许忠斌
动物科学学院,胡松华
物理学系,薛大建
计算机科学与技术学院,沈钦仙
海洋学院,郝帅
传媒与国际文化学院,徐忠民
思想政治理论教学科研部,吴旭平
动物科学学院,胡彩虹
建筑工程学院,刘承斌
生命科学学院,吴雪昌
人文学院,李咏吟
管理学院,严进
经济学院,王东
化学工程与生物工程学系,朱明乔
教育学院,陈胜
思想政治理论教学科研部,章前明
物理学系,王凯
动物科学学院,邵庆均
海洋学院,瞿逢重
建筑工程学院,黄博
海洋学院,张继才
建筑工程学院,王立忠
电气工程学院,刘妹琴
海洋学院,胡鹏
建筑工程学院,赵良荣
农业技术推广中心,徐海圣
法学院,陈林林
医学院,樊立洁
生命科学学院,袁洁
人文学院,郭翀
建筑工程学院,陈水福
医学院,夏梽丹
机械工程学系,阮晓东
地球科学系,王华军
化学系,陈关喜
生物系统工程与食品科学学院,李春英
基础医学系,邵吉民
思想政治理论教学科研部,朱培霞
医学院,孙百强
农业与生物技术学院,张传溪
农业技术推广中心,鲁兴萌
机械工程学系,费少梅
化学系,吴百乐
法学院,翁晓斌
外国语言文化与国际交流学院,陈刚
教育学院,郑芳
学生工作部,梁社红
外国语言文化与国际交流学院,林志平
计算机科学与技术学院,王晓霞
外国语言文化与国际交流学院,盛维丹
建筑工程学院,宋洁人
外国语言文化与国际交流学院,庞继贤
化学系,岳林海
教育学院,单亚萍
管理学院,林旭东
计算机科学与技术学院,胡兰青
控制科学与工程学系,王酉
控制科学与工程学系,许超
光电信息工程学系,边美娟
医学院,阮冰
法学院,王冠玺
传媒与国际文化学院,周丽英
化学系,陈万芝
材料科学与工程学系,朱丽萍
光电信息工程学系,王立强
信息与电子工程学系,宋牟平
教育学院,吴华
公共管理学院,章燕华
农业与生物技术学院,余小林
人文学院,江崇岩
公共体育与艺术部,钱锋
生物系统工程与食品科学学院,苏平
控制科学与工程学系,邵之江
控制科学与工程学系,于玲
数学系,应文隆
生命科学学院,杨志坚
管理学院,颜士梅
外国语言文化与国际交流学院,乐明
信息与电子工程学系,屈民军
人文学院,杨雨蕾
信息与电子工程学系,徐新民
生物系统工程与食品科学学院,郭希山
计算机科学与技术学院,刘新国
地球科学系,李睿
人文学院,冯国栋
医学院,陈学群
地球科学系,董传万
教育学院,赵卫平
人文学院,李承华
信息与电子工程学系,谢磊
医学院,李静
人文学院,黄华新
外国语言文化与国际交流学院,王海虹
理学院,邬建敏
化学系,魏晓芳
建筑工程学院,李富强
机械工程学系,傅宏成
教育学院,肖朗
外国语言文化与国际交流学院,寿似琛
外国语言文化与国际交流学院,张建民
外国语言文化与国际交流学院,苏忱
计算机科学与技术学院,张宏鑫
能源工程学系,薄拯
能源工程学系,胡亚才
农业技术推广中心,施明华
数学系,方道元
生命科学学院,李霁
动物科学学院,潘炳龙
心理与行为科学系,张萌
信息与电子工程学系,郭维
经济学院,杨晓兰
医学院,杜立中
物理学系,吕丽花
法学院,李永明
外国语言文化与国际交流学院,焦华红
化学系,商志才
教育学院,王健
生物系统工程与食品科学学院,方慧
海洋学院,吴嘉平
生物系统工程与食品科学学院,胡亚芹
物理学系,张寒洁
管理学院,张小林
化学工程与生物工程学系,关怡新
计算机科学与技术学院,王灿
化学工程与生物工程学系,俞迪虎
光电信息工程学系,袁波
航空航天学院,宋吉舟
材料科学与工程学系,李东升
国际教育学院,林加
机械工程学系,曹衍龙
传媒与国际文化学院,吴丰军
求是学院,吴为进
外国语言文化与国际交流学院,何辉斌
人文学院,吕一民
思想政治理论教学科研部,吕有志
心理与行为科学系,吴明证
外国语言文化与国际交流学院,陈新宇
公共管理学院,崔顺姬
化学系,苏彬
计算机科学与技术学院,张国川
外国语言文化与国际交流学院,王倩
环境与资源学院,曾令藻
教育学院,吴剑
公共体育与艺术部,陈志强
公共体育与艺术部,黄力
计算机科学与技术学院,宋宏伟
传媒与国际文化学院,潘一禾
公共管理学院,吴宇哲
生命科学学院,杨万喜
心理与行为科学系,聂爱情
人文学院,白春晓
建筑工程学院,章军军
管理学院,张宏坤
外国语言文化与国际交流学院,徐知媛
信息与电子工程学系,李锡华
数学系,杨勋年
传媒与国际文化学院,邵志择
计算机科学与技术学院,黄劲
化学系,王从敏
数学系,吴国桢
化学系,吴军
医学院,郑树森
电气工程学院,沈海斌
人文学院,黄厚明
人文学院,来萧敏
医学院,朱益民
环境与资源学院,王珂
理学院,徐光明
教育学院,王珏
人文学院,金晓明
实验室与设备管理处,俞欢军
农业与生物技术学院,刘小红
先进技术研究院,刘震涛
电气工程学院,孙盾
管理学院,黄浏英
公共体育与艺术部,张束
计算机科学与技术学院,吴江琴
机械工程学系,李凌丰
人文学院,王轩远
计算机科学与技术学院,陈春晖
法学院,费善诚
医学院,杜亚平
农业与生物技术学院,张国平
农业与生物技术学院,郑新强
环境与资源学院,许红卫
经济学院,黄先海
农业与生物技术学院,朱国念
教育学院,沈莉萍
化学系,吴传德
公共体育与艺术部,钱宏颖
建筑工程学院,王卡
外国语言文化与国际交流学院,赵宏琴
电气工程学院,王维维
数学系,卢涤明
信息与电子工程学系,杨建义
化学系,曾秀琼
管理学院,寿涌毅
公共体育与艺术部,潘雯雯
经济学院,俞洁芳
人文学院,徐慈华
生物系统工程与食品科学学院,李铎
数学系,卢兴江
计算机科学与技术学院,金小刚
,周文华
人文学院,孙敏强
经济学院,周夏飞
外国语言文化与国际交流学院,刘慧梅
公共体育与艺术部,吴叶海
机械工程学系,黄长林
建筑工程学院,卢轶
环境与资源学院,尧一骏
公共管理学院,郎友兴
生物医学工程与仪器科学学院,周凡
建筑工程学院,江衍铭
电气工程学院,蔡忠法
环境与资源学院,王海强
化学系,聂晶晶
农业与生物技术学院,田兵
生命科学学院,郑胜
经济学院,牛海霞
计算机科学与技术学院,华炜
教育学院,张林
机械工程学系,杨辰龙
能源工程学系,王勤
人文学院,罗天华
化学工程与生物工程学系,王晓钟
农业与生物技术学院,徐海君
公共管理学院,郭继强
管理学院,叶春辉
法学院,聂原
信息与电子工程学系,王勇
人文学院,黄健
生物医学工程与仪器科学学院,谢立
管理学院,黄灿
外国语言文化与国际交流学院,章红新
计算机科学与技术学院,江浩
经济学院,蔡璧涵
人文学院,杨大春
法学院,余逊达
人文学院,赵晓红
化学系,张昭
化学工程与生物工程学系,介素云
信息与电子工程学系,张昱
人文学院,陈建新
外国语言文化与国际交流学院,Kathleen Stucky
建筑工程学院,罗卿平
公共体育与艺术部,张春晓
管理学院,赵晓庆
外国语言文化与国际交流学院,张昀
教育学院,郑元男
化学系,金一政
教育学院,周永平
地球科学系,邹乐君
生命科学学院,章晓波
农业与生物技术学院,王校常
管理学院,周永广
能源工程学系,张小斌
光电信息工程学系,何建军
数学系,王会英
公共管理学院,苗青
外国语言文化与国际交流学院,陈伶俐
医学院,马丽琴
医学院,韩春茂
计算机科学与技术学院,陈文智
药学院,吴永江
信息与电子工程学系,宫先仪
材料科学与工程学系,杨辉
计算机科学与技术学院,周建平
控制科学与工程学系,宋执环
生物系统工程与食品科学学院,李建平
公共管理学院,连连
地球科学系,沈忠悦
数学系,黄炜
校医院,李英奇
控制科学与工程学系,王保良
医学院,马晓光
计算机科学与技术学院,孙建伶
外国语言文化与国际交流学院,程晓玲
生物医学工程与仪器科学学院,陈耀武
外国语言文化与国际交流学院,傅莹
外国语言文化与国际交流学院,盛跃东
信息与电子工程学系,金向东
计算机科学与技术学院,吴健
心理与行为科学系,钟建安
人文学院,邱建新
药学院,胡瑜兰
心理与行为科学系,高在峰
医学院,彭慧琴
党委办公室、校长办公室,胡旭阳
人文学院,徐亮
管理学院,张刚峰
建筑工程学院,曹康
管理学院,王婉飞
经济学院,蒋岳祥
环境与资源学院,李廷强
人文学院,陈群元
化学工程与生物工程学系,陈纪忠
思想政治理论教学科研部,蔡晓卫
建筑工程学院,李玲玲
化学工程与生物工程学系,刘宝庆
人文学院,贾海生
人文学院,梁敬明
管理学院,周洁红
思想政治理论教学科研部,高永
生命科学学院,项黎新
继续教育学院,何钦铭
外国语言文化与国际交流学院,金哲凡
公共体育与艺术部,施晋江
动物科学学院,曾卫东
农业与生物技术学院,张明方
思想政治理论教学科研部,汪建达
医学院,沈晓红
计算机科学与技术学院,张明敏
农业与生物技术学院,安千里
外国语言文化与国际交流学院,陆建平
经济学院,王昌福
农业与生物技术学院,蒋明星
计算机科学与技术学院,胡天磊
人文学院,郑淑梅
信息与电子工程学系,项志宇
建筑工程学院,张玉瑜
公共管理学院,傅荣校
生物医学工程与仪器科学学院,叶学松
人文学院,毛晓芬
环境与资源学院,李勇
传媒与国际文化学院,范志忠
生物系统工程与食品科学学院,叶兴乾
生物系统工程与食品科学学院,何国庆
生物系统工程与食品科学学院,吴坚
控制科学与工程学系,牟颖
机械工程学系,唐任仲
动物科学学院,钟伯雄
医学院,周韧
医学院,邓甬川
管理学院,窦军生
管理学院,丁关良
研究生培养处,沈杰
传媒与国际文化学院,顾晓燕
光电信息工程学系,胡骏
计算机科学与技术学院,王锐
农业技术推广中心,师福山
化学工程与生物工程学系,杨立荣
航空航天学院,戴志潜
环境与资源学院,朱亮
海洋学院,樊炜
建筑工程学院,万五一
医学院,夏大静
建筑工程学院,赵羽习
计算机科学与技术学院,胡晓军
环境与资源学院,陈曙光
公共体育与艺术部,郑其适
法学院,李华
外国语言文化与国际交流学院,方富民
化学系,王彦广
管理学院,许小东
建筑工程学院,丁旭
环境与资源学院,吴伟祥
地球科学系,曹龙
外国语言文化与国际交流学院,Vinogradova Olga
公共体育与艺术部,叶亚金
化学工程与生物工程学系,陈圣福
材料科学与工程学系,蒋建中
物理学系,谢小平
经济学院,史晋川
地球科学系,章孝灿
医学院,胡济安
农业与生物技术学院,郭万里
信息与电子工程学系,章献民
法学院,王钰
信息与电子工程学系,金心宇
控制科学与工程学系,胡瑞芬
生物医学工程与仪器科学学院,陈祥献
人文学院,董萍
人文学院,陈新
物理学系,邱东江
外国语言文化与国际交流学院,傅政
公共体育与艺术部,余保玲
教育学院,翟俊卿
公共管理学院,孔小惠
国际教育学院,郭克勤
建筑工程学院,包志仁
控制科学与工程学系,宋春跃
环境与资源学院,陈宝梁
国际教育学院,陈敏
经济学院,来雄翔
高分子科学与工程学系,朱利平
人文学院,朱首献
农业与生物技术学院,Imran Haider Shamsi
化学系,姚加
海洋科学与工程学系,Atilla Incecik
公共体育与艺术部,张华达
化学工程与生物工程学系,窦梅
环境与资源学院,刘越
公共管理学院,苏振华
化学系,王琦
思想政治理论教学科研部,张立程
计算机科学与技术学院,顾宗华
传媒与国际文化学院,吴红雨
光电信息工程学系,沈建其
物理学系,曹光旱
建筑工程学院,周燕国
生物系统工程与食品科学学院,沈立荣
建筑工程学院,杨骊先
光电信息工程学系,吴兴坤
人文学院,何善蒙
化学系,刘润
环境与资源学院,胡宏
思想政治理论教学科研部,熊卫平
化学系,吕萍
药学院,胡富强
外国语言文化与国际交流学院,高睿
人文学院,金立
人文学院,李小林
电气工程学院,郑军
化学工程与生物工程学系,宣海军
化学工程与生物工程学系,张志新
信息与电子工程学系,王曰海
生命科学学院,严庆丰
建筑工程学院,项贻强
公共管理学院,余潇枫
公共体育与艺术部,杨永明
物理学系,万歆
航空航天学院,蒙涛
经济学院,李兴建
建筑工程学院,夏晋
外国语言文化与国际交流学院,孙艳萍
生物系统工程与食品科学学院,陈卫
医学院,胡小君
动物科学学院,徐豫松
数学系,李胜宏
化学系,边平凤
地球科学系,朱佩君
人文学院,王小松
环境与资源学院,楼莉萍
计算机科学与技术学院,翁彦琳
控制科学与工程学系,陈曦
电气工程学院,姜国均
管理学院,刘渊
农业与生物技术学院,钱琼秋
生命科学学院,唐建军
就业指导与服务中心,谢红梅
思想政治理论教学科研部,赵晖
党委办公室、校长办公室,满丰
计算机科学与技术学院,施青松
光电信息工程学系,刘东
数学系,张挺
数学系,金显
机械工程学系,朱笑丛
计算机科学与技术学院,许端清
医学院,刘丽
化学工程与生物工程学系,单岩
医学院,王鑫慧
信息与电子工程学系,龚淑君
法学院,石毕凡
思想政治理论教学科研部,金建伟
医学院,陈晖
经济学院,夏昪君
中国西部发展研究院,杜立民
农业与生物技术学院,郑经武
药学院,刘滔
经济学院,金明路
化学系,谢玉群
外国语言文化与国际交流学院,杨玲玲
生物医学工程与仪器科学学院,耿晨歌
思想政治理论教学科研部,封丽萍
管理学院,戚振江
生物医学工程与仪器科学学院,陈星
物理学系,赵学安
医学院,施卫星
药学院,杨晓春
电气工程学院,陈隆道
外国语言文化与国际交流学院,薛莉娅
控制科学与工程学系,熊蓉
数学系,罗炜
国际教育学院,张莹
物理学系,王晓光
建筑工程学院,谢良葵
医学院,刘迪文
外国语言文化与国际交流学院,黄小扬
法学院,陆飞华
药学院,刘龙孝
机械工程学系,顾大强
数学系,谈之奕
生物医学工程与仪器科学学院,田景奎
保卫处,李凤旺
化学系,李浩然
生命科学学院,谭芸
地球科学系,闻继威
教育学院,叶志坚
人文学院,胡龙彪
高分子科学与工程学系,吴子良
化学系,周仁贤
电气工程学院,李玉玲
建筑工程学院,王雷
外国语言文化与国际交流学院,胡欣裕
电气工程学院,杨欢
计算机科学与技术学院,黄忠东
控制科学与工程学系,李光
化学工程与生物工程学系,张安运
控制科学与工程学系,章辉
航空航天学院,叶敏
化学工程与生物工程学系,黄灵仙
化学工程与生物工程学系,李伯耿
建筑工程学院,陈林
人文学院,汪永江
环境与资源学院,陈英旭
医学院,章军
物理学系,何丕模
航空航天学院,钱劲
机械工程学系,陈章位
农业技术推广中心,胡伟民
能源工程学系,王飞
公共管理学院,钱雪亚
经济学院,凤进
教育学院,王爱国
物理学系,潘国卫
信息与电子工程学系,李凯
物理学系,沙健
生物系统工程与食品科学学院,张英
海洋学院,金爱民
法学院,林劲松
农业与生物技术学院,吴琼
思想政治理论教学科研部,黄铭
能源工程学系,陈松
外国语言文化与国际交流学院,王楚楚
医学院,董恒进
国际教育学院,黄晓芳
电气工程学院,史峥
生物医学工程与仪器科学学院,陈杭
生物医学工程与仪器科学学院,李劲松
海洋学院,孙志林
外国语言文化与国际交流学院,张建理
传媒与国际文化学院,沈爱国
光电信息工程学系,尹文言
物理学系,章林溪
外国语言文化与国际交流学院,吴越民
外国语言文化与国际交流学院,Simpson
计算机科学与技术学院,徐雯洁
机械工程学系,伊国栋
管理学院,林珊珊
医学院,余沛霖
光电信息工程学系,李强
医学院,王晓健
外国语言文化与国际交流学院,俞建青
校外单位,刘春杰
传媒与国际文化学院,卢小雁
生命科学学院,蒋德安
公共体育与艺术部,周怡如
机械工程学系,张浩
动物科学学院,罗丽健
信息与电子工程学系,叶险峰
数学系,陈志国
外国语言文化与国际交流学院,Gregory Travis
化学系,唐睿康
航空航天学院,李平
电气工程学院,胡斯登
化学系,郭永胜
物理学系,肖湧
传媒与国际文化学院,朱则杰
外国语言文化与国际交流学院,周露
计算机科学与技术学院,楼学庆
外国语言文化与国际交流学院,马博森
公共管理学院,李金珊
机械工程学系,冯毅雄
光电信息工程学系,严惠民
外国语言文化与国际交流学院,王元春
海洋学院,高洋洋
计算机科学与技术学院,陶黎黎
外国语言文化与国际交流学院,范捷平
保卫处,吴子贵
建筑工程学院,吴高岚
计算机科学与技术学院,邢卫
外国语言文化与国际交流学院,张慧玉
动物科学学院,彭金荣
化学工程与生物工程学系,李希
公共体育与艺术部,钱铁群
计算机科学与技术学院,张彤彧
信息与电子工程学系,沈会良
法学院,许建宇
建筑工程学院,董文丽
建筑工程学院,张三明
机关党委,李五一
建筑工程学院,李忠学
公共管理学院,何子英
人文学院,吴笛
法学院,吴泓
电气工程学院,林振智
地球科学系,程玉申
机械工程学系,毕运波
经济学院,陆菁
电气工程学院,周箭
光电信息工程学系,梁宜勇
建筑工程学院,闫东明
化学系,张仕勇
生命科学学院,张舒群
动物科学学院,胡福良
外国语言文化与国际交流学院,朱更生
医学院,毛峥嵘
计算机科学与技术学院,姜晓红
生命科学学院,周宏
计算机科学与技术学院,王新宇
电气工程学院,聂曼
外国语言文化与国际交流学院,姜剑
传媒与国际文化学院,章燕
外国语言文化与国际交流学院,梁斌
物理学系,陈庆虎
公共管理学院,吴结兵
法学院,周江洪
信息与电子工程学系,金韬
公共管理学院,谭永忠
生命科学学院,史影
化学系,陈时忠
公共管理学院,毛丹
外国语言文化与国际交流学院,刘悦
农业技术推广中心,朱良均
建筑工程学院,Qi Shanshan
医学院,袁方
建筑工程学院,张涛
外国语言文化与国际交流学院,唐珍
农业试验站,卢玲丽
物理学系,王琴妹
化学工程与生物工程学系,刘鹏飞
公共体育与艺术部,林时云
电气工程学院,罗小华
海洋学院,夏乐章
公共管理学院,戴文标
建筑工程学院,傅舒兰
航空航天学院,邓茂林
建筑工程学院,陈帆
电气工程学院,杜丽
人文学院,姜振飞
化学工程与生物工程学系,闫克平
材料科学与工程学系,王晓东
公共体育与艺术部,桂迎
材料科学与工程学系,洪樟连
管理学院,叶欣
人文学院,鲍永军
生命科学学院,陈铭
外国语言文化与国际交流学院,周颂波
法学院,余军
传媒与国际文化学院,汪凯
法学院,张谷
公共体育与艺术部,王大庆
物理学系,周一峰
生物系统工程与食品科学学院,王剑平
环境与资源学院,沈学优
数学系,韩刚
生物系统工程与食品科学学院,陈健初
地球科学系,沈晓华
数学系,张振跃
药学院,周婕
公共体育与艺术部,陈南生
医学院,杨敏
外国语言文化与国际交流学院,符亦文
化学系,李啸风
农业与生物技术学院,赵金浩
人文学院,许志强
经济学院,李建琴
外国语言文化与国际交流学院,瞿云华
计算机科学与技术学院,肖俊
公共体育与艺术部,陈小珍
计算机科学与技术学院,冯雁
传媒与国际文化学院,朱菁
地球科学系,刘仁义
外国语言文化与国际交流学院,马以容
求是高等研究院,郑能干
医学院,孙文均
医学院,阮文华
法学院,高艳东
人文学院,陈志坚
生物系统工程与食品科学学院,冯雷
数学系,翟健
公共体育与艺术部,金雷
管理学院,王世良
公共管理学院,董绍春
农业与生物技术学院,汪海燕
公共体育与艺术部,李智巧
电气工程学院,江道灼
公共体育与艺术部,朱莉
理学院,黄兆镇
信息与电子工程学系,沈继忠
医学院,金永堂
农业技术推广中心,李大勇
法学院,应坚
经济学院,张月飞
医学院,王伟
人文学院,吴铮强
心理与行为科学系,符德江
医学院,叶旭军
电气工程学院,姚维
环境与资源学院,何云峰
建筑工程学院,徐辛妹
生命科学学院,齐艳华
经济学院,方红生
外国语言文化与国际交流学院,沈天瑛
信息与电子工程学系,杨扬
农业与生物技术学院,潘刚
环境与资源学院,张奇春
医学院,鲁林荣
农业与生物技术学院,金晓丽
人文学院,包利民
传媒与国际文化学院,鲁晓笑
化学系,王国平
动物科学学院,洪奇华
航空航天学院,吴禹
农业与生物技术学院,李春梅
教育学院,李心北
数学系,苏德矿
公共体育与艺术部,陈向集
能源工程学系,李道飞
外国语言文化与国际交流学院,David Goodweather
农业与生物技术学院,邓云兰
计算机科学与技术学院,李石坚
数学系,陈叔平
动物科学学院,郑火青
机械工程学系,李基拓
信息与电子工程学系,韩杰
传媒与国际文化学院,徐群晖
外国语言文化与国际交流学院,陆伸
人文学院,史文磊
医学院,张伟
医学院,曹倩
公共管理学院,王江丽
人文学院,林如
外国语言文化与国际交流学院,李文超
光电信息工程学系,马云贵
法学院,胡铭
公共管理学院,陈东进
计算机科学与技术学院,李峰
公共体育与艺术部,诸葛慧贞
环境与资源学院,吴忠标
生命科学学院,韩凝
建筑工程学院,高博青
建筑工程学院,钱晓倩
农业技术推广中心,黄志根
外国语言文化与国际交流学院,韩燕
建筑工程学院,胡晓鸣
外国语言文化与国际交流学院,杨曦红
数学系,吴庆标
公共体育与艺术部,陈忠焕
传媒与国际文化学院,李岩
建筑工程学院,孟涛
机械工程学系,陆国栋
环境与资源学院,章明奎
经济学院,徐恺
生物系统工程与食品科学学院,朱松明
环境与资源学院,杨京平
生物系统工程与食品科学学院,鲍一丹
材料科学与工程学系,刘芙
农业与生物技术学院,陈正贤
管理学院,张建林
环境与资源学院,邓劲松
管理学院,朱允卫
海洋学院,韩军
经济学院,卢军霞
教育学院,张辉
法学院,金彭年
农业与生物技术学院,邬飞波
能源工程学系,缪思恩
农业与生物技术学院,叶俭慧
生命科学学院,杨小杭
经济学院,杨海红
机械工程学系,沈洪垚
农业技术推广中心,贾惠娟
建筑工程学院,王竹
计算机科学与技术学院,邱劲松
公共管理学院,许庆明
公共体育与艺术部,潘德运
组织部,朱慧
化学系,钟建华
医学部办公室,张小玲
人文学院,周明初
光电信息工程学系,郑晓东
计算机科学与技术学院,吴飞
建筑工程学院,黄任群
控制科学与工程学系,张建明
医学院,赵璐
心理与行为科学系,沈模卫
地球科学系,张丰
控制科学与工程学系,侯迪波
思想政治理论教学科研部,崔浩
生物系统工程与食品科学学院,郑晓冬
电气工程学院,傅晓程
计算机科学与技术学院,肖少拥
计算机科学与技术学院,陆魁军
化学工程与生物工程学系,刘振
公共管理学院,刘朝晖
控制科学与工程学系,陈金水
机械工程学系,梅德庆
建筑工程学院,裘知
电气工程学院,石健将
电气工程学院,郑太英
农业与生物技术学院,祝增荣
公共体育与艺术部,姚鸿芬
建筑工程学院,李文驹
物理学系,鲁定辉
教育学院,方正
学生工作部,俞林鑫
计算机科学与技术学院,陈建海
光电信息工程学系,刘华锋
药学院,吴昊姝
化学工程与生物工程学系,吴大转
电气工程学院,齐冬莲
外国语言文化与国际交流学院,Stefano
信息与电子工程学系,Honold
化学系,胡吉明
数学系,庞天晓
生命科学学院,李永泉
农业与生物技术学院,何普明
外国语言文化与国际交流学院,高奋
药学院,章国林
教育学院,阚阅
理学院,方群
航空航天学院,邵雪明
传媒与国际文化学院,邱戈
生命科学学院,常杰
环境与资源学院,倪吾钟
计算机科学与技术学院,钱云涛
计算机科学与技术学院,彭韧
地球科学系,翟国庆
农业与生物技术学院,屠幼英
公共管理学院,冯钢
农业与生物技术学院,滕元文
法学院,郑观
生命科学学院,陈欣
计算机科学与技术学院,张旭生
外国语言文化与国际交流学院,朱晔
农业与生物技术学院,钱亚娟
公共体育与艺术部,蔡琪
人文学院,朱法贞
法学院,郑春燕
思想政治理论教学科研部,张彦
化学系,王建明
公共体育与艺术部,董育平
人文学院,项隆元
公共体育与艺术部,江晓宇
计算机科学与技术学院,林兰芬
农业技术推广中心,楼兵干
外国语言文化与国际交流学院,王之光
环境与资源学院,卢升高
人文学院,黄鼎
物理学系,潘正权
航空航天学院,熊红兵
化学系,厉刚
建筑工程学院,施林祥
心理与行为科学系,卢舍那
外国语言文化与国际交流学院,黄建滨
数学系,吴翔
农业试验站,林咸永
公共体育与艺术部,许慧
教育学院,徐曼
信息与电子工程学系,杜歆
数学系,戴俊飞
电气工程学院,沈连丰
农业与生物技术学院,夏宜平
人文学院,董小燕
地球科学系,陈汉林
公共管理学院,陈大柔
教育学院,褚良才
物理学系,宋斌
海洋学院,孙红月
经济学院,金元欢
公共体育与艺术部,田忠
物理学系,金洪英
教育学院,喻永祥
高分子科学与工程学系,毛峥伟
外国语言文化与国际交流学院,郭国良
生命科学学院,郑绍建
公共体育与艺术部,恽冰
竺可桢学院,钟蓉戎
电气工程学院,张伯尧
农业与生物技术学院,黄建中
建筑工程学院,庞苗
思想政治理论教学科研部,詹兴敏
外国语言文化与国际交流学院,赵佳
人文学院,沙伟
化学工程与生物工程学系,刘祥瑞
计算机科学与技术学院,钱抱清
思想政治理论教学科研部,郭汾阳
人文学院,吴强
人文学院,关长龙
生物医学工程与仪器科学学院,王春波
化学系,滕启文
外国语言文化与国际交流学院,徐明
化学工程与生物工程学系,张兴旺
计算机科学与技术学院,蔡铭
公共体育与艺术部,张重辉
法学院,周翠
计算机科学与技术学院,汤永川
教务处,郑立君
光电信息工程学系,胡正珲
化学系,毛建新
外国语言文化与国际交流学院,李媛
数学系,吴彪
人文学院,吴彦
法学院,金承东
能源工程学系,郑成航
建筑工程学院,谢新宇
农业与生物技术学院,黄鹂
管理学院,姚威
人文学院,章屹
动物科学学院,吴旧生
光电信息工程学系,章海军
信息与电子工程学系,陈红胜
外国语言文化与国际交流学院,卢巧丹
管理学院,周帆
生物医学工程与仪器科学学院,钟健晖
生命科学学院,于明坚
公共体育与艺术部,陈涛
传媒与国际文化学院,李媛媛
计算机科学与技术学院,陈越
心理与行为科学系,杨宏飞
公共管理学院,施红
经济学院,姚婕
药学院,程翼宇
教育学院,薛奎
能源工程学系,高翔
农业与生物技术学院,陈进红
数学系,韩丹夫
农业技术推广中心,宋凤鸣
农业与生物技术学院,刘银泉
电气工程学院,林平
药学院,朱丹雁
教育学院,叶伟
机械工程学系,周继烈
人文学院,许建平
公共体育与艺术部,何一兵
材料科学与工程学系,陈湘明
能源工程学系,樊建人
化学系,吴师
医学院,沈筱筠
管理学院,徐伟青
教育学院,邵兴江
外国语言文化与国际交流学院,祝秀香
医学院,周旭东
教育学院,张剑平
航空航天学院,陈伟芳
生命科学学院,姜维梅
人事处,刘旭
生命科学学院,葛滢
数学系,郭正初
信息与电子工程学系,韩雁
生物医学工程与仪器科学学院,余锋
公共体育与艺术部,刘斌
国际教育学院,庄华萍
农业技术推广中心,韩新燕
外国语言文化与国际交流学院,潘珣祎
电气工程学院,杨仕友
出版社,鲁东明
机械工程学系,徐敬华
公共体育与艺术部,金慧娟
思想政治理论教学科研部,董海樱
化学系,李宁
外国语言文化与国际交流学院,Jorge Mata
物理学系,叶林华
人文学院,计翔翔
生物医学工程与仪器科学学院,刘济全
数学系,陈军杰
建筑工程学院,俞洪良
农业与生物技术学院,赵东
管理学院,宋衍蘅
教育学院,邱亚君
公共体育与艺术部,刘卫中
教育学院,梅伟惠
医学院,陈莉丽
医学院,汤慧芳
外国语言文化与国际交流学院,冯冰
生物医学工程与仪器科学学院,段会龙
经济学院,王汝渠
动物科学学院,徐宁迎
化学系,朱龙观
建筑工程学院,黄絮
化学系,叶春芳
化学系,郑永泉
经济学院,邹小芃
农业技术推广中心,汤一
建筑工程学院,王福建
公共管理学院,刘卫东
光电信息工程学系,郑臻荣
农业与生物技术学院,陈云
信息与电子工程学系,周绮敏
公共体育与艺术部,金熙佳
化学系,马成
管理学院,章重远
电气工程学院,彭勇刚
信息与电子工程学系,李惠忠
生物医学工程与仪器科学学院,张恒义
生命科学学院,史锋
环境与资源学院,赵伟荣
建筑工程学院,俞亭超
光电信息工程学系,李海峰
管理学院,刘景江
医学院,罗依惠
建筑工程学院,高峻
环境与资源学院,吴东雷
建筑工程学院,余世策
外国语言文化与国际交流学院,程大志
海洋学院,朱蓉
化学系,许莉
建筑工程学院,魏薇
能源工程学系,金军
医学院,杨芊
国际教育学院,万洁华
高分子科学与工程学系,王齐
经济学院,潘士远
公共体育与艺术部,楼恒阳
光电信息工程学系,徐之海
农业与生物技术学院,骆耀平
农业与生物技术学院,王洪凯
管理学院,姚卫红
计算机科学与技术学院,王强
人文学院,王德华
化学工程与生物工程学系,杨亦文
数学系,陈明飞
化学系,赵华绒
思想政治理论教学科研部,夏婉婉
控制科学与工程学系,丁立仲
药学院,游剑
法学院,胡炜
化学系,楼辉
电气工程学院,姚缨英
公共体育与艺术部,骆文棽
经济学院,赵伟
心理与行为科学系,马剑虹
外国语言文化与国际交流学院,Sarah  Kimmet
公共体育与艺术部,卢芬
建筑工程学院,顾哲
法学院,叶良芳
经济学院,宋华盛
外国语言文化与国际交流学院,朱晨晨
外国语言文化与国际交流学院,黄天海
动物科学学院,姜中其
建筑工程学院,应放天
管理学院,陈学军
动物科学学院,吴小锋
建筑工程学院,赖俊英
公共体育与艺术部,晋卫平
光电信息工程学系,李奇
数学系,朱静芬
外国语言文化与国际交流学院,冯全功
生物医学工程与仪器科学学院,田翔
信息与电子工程学系,徐文
医学院,余运贤
传媒与国际文化学院,陈强
物理学系,刘才明
管理学院,王小毅
人文学院,王彦君
经济学院,汪韬
人文学院,陈辉
团委,朱佐想
光电信息工程学系,陈侃
材料科学与工程学系,皮孝东
高分子科学与工程学系,仝维鋆
能源工程学系,蒋旭光
化学工程与生物工程学系,陈丰秋
电气工程学院,辛焕海
公共管理学院,田传浩
学生工作部,陈海贤
计算机科学与技术学院,王总辉
建筑工程学院,程伟平
光电信息工程学系,李晓彤
地球科学系,吴宏海
生物医学工程与仪器科学学院,王平
数学系,王何宇
外国语言文化与国际交流学院,谢秀娟
建筑工程学院,金建明
化学系,习玲玲
农业与生物技术学院,李红叶
外国语言文化与国际交流学院,吴晓岚
农业与生物技术学院,陈卫良
思想政治理论教学科研部,卢旭东
外国语言文化与国际交流学院,王鸣
医学院,王会平
医学院,王建炳
机械工程学系,邱清盈
电气工程学院,邓焰
信息与电子工程学系,胡冰
建筑工程学院,詹良通
农业与生物技术学院,倪琪
能源工程学系,韩晓红
信息与电子工程学系,马洪庆
建筑工程学院,朱斌
计算机科学与技术学院,金波
计算机科学与技术学院,陆汉权
建筑工程学院,王殿海
管理学院,史煜筠
电气工程学院,祁才君
环境与资源学院,徐建明
建筑工程学院,边学成
化学系,林峰
医学院,胡军
数学系,阮火军
生命科学学院,易文
光电信息工程学系,汪凯巍
